feature,importance
Power,0.20847706815250786
Wear_Strain,0.20487034446014113
Rotational speed [rpm],0.14262724493061613
Temp_Diff,0.14250376853614521
Torque [Nm],0.1412200523872335
Tool wear [min],0.05574103580031713
Air temperature [K],0.042429365925029355
Process temperature [K],0.03439963690209306
Type,0.027731482905916517
Failure Type,0.0
